rms_x,peak_x,crest_x,kurtosis_x,std_x,mean_abs_x,dominant_freq_x,dominant_amp_x,spectral_energy_x,spectral_centroid_x,spectral_bandwidth_x,rms_y,peak_y,crest_y,kurtosis_y,std_y,mean_abs_y,dominant_freq_y,dominant_amp_y,spectral_energy_y,spectral_centroid_y,spectral_bandwidth_y,rms_z,peak_z,crest_z,kurtosis_z,std_z,mean_abs_z,dominant_freq_z,dominant_amp_z,spectral_energy_z,spectral_centroid_z,spectral_bandwidth_z,label
0.0,0.0,0.0,0.0,0.0,0.0,0,0.0,0.0,0.0,0.0,0.0,0.0,0.0,0.0,0.0,0.0,0,0.0,0.0,0.0,0.0,0.0,0.0,0.0,0.0,0.0,0.0,0,0.0,0.0,0.0,0.0,normal
6959.3228418426015,10709.0,1.5387991394238303,-1.8050220434212036,4438.940982974448,5359.8486328125,1,2754578.8922271645,10330614559982.996,0.07562924055466917,0.12048674834028232,2409.223972244486,4236.0,1.7582425082935105,-1.7659218808585522,1542.6999564726395,1850.5234375,1,911571.1919781634,1247756457006.0005,0.0774802901075562,0.12123907793868836,3101.137956303047,5691.0,1.835132806147199,-1.723906209140906,1997.4754526644763,2372.1611328125,1,1191292.7558991965,2091853704858.9995,0.07707418647672384,0.12121040336317755,normal
9065.489082379085,10989.0,1.2121794974481535,-0.537914033795313,1014.4134980648436,9008.5546875,4,513154.0757272108,539510562798.0,0.08022724258796486,0.12220689091389783,2888.1135092960117,4034.0,1.3967595065137528,-0.33720655695325563,370.10900706246616,2864.30078125,4,219634.19878888578,71817313687.99997,0.07746914265975453,0.1202861279650221,3925.1054134680176,5419.0,1.3805998639950043,0.016464720941621103,558.3438294640647,3885.1904296875,2,250321.14101831178,163445622871.00003,0.08538729774464872,0.12393836223639033,normal
8074.572185479279,11014.0,1.3640351150500298,0.261661090146426,2682.647707171194,7615.912109375,1,1185931.7589911907,3773070706213.9995,0.07746219405829843,0.12017801739077878,2658.007988658694,4175.0,1.570725151246375,0.015128825641053112,912.5100698626125,2496.4638671875,1,462896.47308424715,436560567291.0,0.0786034465152277,0.1219456318740129,3485.8084774139465,5160.0,1.480287868204424,-0.0533377473146226,1163.5909870010914,3285.8662109375,1,604613.6397368228,709850670663.0,0.08237417379951244,0.1239147099009108,normal
7413.079070643803,11325.0,1.5277052749710465,-1.5225148519877367,3060.0330258150216,6752.0322265625,1,1809982.7575437124,4909327949883.001,0.09284790083027938,0.12742894701114188,2336.222121247183,3936.0,1.684771308431401,-1.4427286992239665,1012.1653381649135,2105.5771484375,1,507699.7412172579,537121777510.9998,0.08454841710517551,0.12425006379649656,3182.279023160917,4964.0,1.5598883579571607,-1.4627689809288207,1293.994765020509,2907.314453125,1,768036.6399278591,877877942262.0002,0.09233204064331164,0.12765547392458357,normal
8893.30497206589,10998.0,1.2366606154343087,-0.3670686971455579,1109.861363509878,8823.779296875,4,451210.6092378633,645810652123.9999,0.07959682701479467,0.12218660003169143,2816.4221487068594,3986.0,1.4152707902223196,-0.5903708115488158,512.1980875416361,2769.4560546875,4,213035.26645205796,137545321003.0,0.06695146619881338,0.11564205768540575,3891.7522504781264,5572.0,1.431745815606696,0.337385024995112,547.9136412638792,3852.9892578125,2,188197.83397293987,157396140923.00003,0.08549573734396088,0.1245052694328169,normal
8709.635998511218,10489.0,1.2042983199060142,-1.0205427231689634,1066.0315430699786,8644.150390625,4,341185.1655115423,595809593804.0001,0.07853626196510125,0.12169708037141021,2927.7694096052564,3636.0,1.2419010828076902,-0.6732980158923447,395.10299146205733,2900.9873046875,4,166996.25002429486,81844698527.00002,0.07494441880661139,0.11983324762028089,3801.8666605356093,5339.0,1.4043101656931436,-0.32628574668828225,566.8695718818709,3759.3681640625,2,233112.36823903833,168474898835.0,0.08983130397496299,0.12644604608868182,normal
7289.178079201557,10665.0,1.4631279252774443,-0.25616000321396415,2572.881083593352,6820.0,2,1155252.9976275095,3470637680477.999,0.08031926166603542,0.12326386119100992,2260.374686342123,3211.0,1.4205609447857679,-0.31156686231236463,793.1695399626761,2116.642578125,1,370740.3559688289,329838974781.99994,0.08086162842958812,0.12342287974949268,3364.8958705622026,6007.0,1.7851964016337771,-0.2582347605332185,1250.86667941084,3123.7568359375,2,626849.6316103858,820336351467.0,0.08306922329487128,0.12425464050726077,normal
7580.138108835711,11360.0,1.4986534330764147,0.14917796615306056,2535.068335102104,7143.6630859375,2,1136105.496808277,3369374298226.999,0.08410721030801518,0.1253293747240884,2302.3693354109423,3639.0,1.5805457204590883,-0.08512496690992988,779.8215440080602,2166.283203125,2,316419.2903409206,318830878075.99994,0.08094621142882948,0.1230295772408598,3423.2044232615585,5783.0,1.6893528065992849,0.3099704688120566,1182.6874107131396,3212.41015625,2,562280.6009808352,733347564261.9999,0.08086945368182427,0.12338368795277067,normal
7860.76406363036,11132.0,1.4161473248516347,4.110507950928597,1664.4744834869193,7682.521484375,4,745561.3886383114,1452520992268.0005,0.08503820953695641,0.12449676515859727,2423.9396117087854,3417.0,1.4096885844409073,2.9415511546517505,543.1091119152167,2362.3115234375,4,266398.18344021763,154647513219.0,0.0866344761964804,0.12553940816312853,3521.4674747583927,5344.0,1.5175491576467424,3.6583753090358426,758.0701898346299,3438.904296875,4,267588.7097065971,301287283500.00006,0.08937384862763456,0.1256968614760306,normal
7820.465577610194,10700.0,1.3682049864951575,-0.39075539556387495,1188.5769147169833,7729.6162109375,4,622028.5532188894,740669421903.0,0.07888064132206152,0.12209073234100322,2521.3031829263164,3312.0,1.3136064010183701,-0.71750693094434,410.4013037616254,2487.677734375,4,220851.60698479644,88305289006.00002,0.0748864739677252,0.11992135663184315,3571.0305112263286,5084.0,1.423678678750382,-0.08749835215167945,545.9735031685232,3529.046875,4,227244.0537043952,156279226045.99997,0.08523921422876761,0.12391961580527981,normal
7922.601143494871,11294.0,1.4255419142579624,0.19697178291681983,1196.9067240856737,7831.66796875,4,611082.280691197,751081903543.9999,0.07828717593290035,0.12149842962121014,2419.3383764342475,3237.0,1.3379691040865753,-0.11547415863846622,366.367115447402,2391.4375,4,174621.82236350546,70372336062.0,0.07131359915588323,0.11758272645247524,3531.853896785962,5299.0,1.5003451883505619,1.0497165921539837,563.5916442197205,3486.5966796875,2,208039.9048923689,166532340867.00003,0.08652248241048566,0.12485436698903832,normal
8087.9498514041325,11585.0,1.4323778229150064,-0.245614083410699,1384.4814358958301,7968.572265625,2,637243.5363244042,1004948998172.0001,0.07683309140044062,0.12127040694554403,2551.953826008246,3490.0,1.3675796029033336,-0.10464614829007646,367.6096683328671,2525.337890625,4,134112.83477463867,70850290604.0,0.07808200798320798,0.12172459704456778,3665.032539903935,5674.0,1.5481445084655983,0.13854495984568738,691.6677264824373,3599.1748046875,2,301339.32372185314,250821587823.0,0.08597312319485889,0.12625821526873984,normal
7670.498782495544,10385.0,1.353888488151394,-0.34217575526526334,1213.500904472715,7573.900390625,4,508953.2517469107,772058049381.9999,0.07992752675175753,0.12188957878681499,2474.0240174394403,3302.0,1.334667722190303,-0.42543419411073247,417.8325371273739,2438.4853515625,4,157803.03442424187,91532092979.00002,0.07438321169281228,0.11969186035188396,3532.913437854797,5392.0,1.5262191091990214,0.08589461871081872,567.6261008629355,3487.015625,4,180514.86980998144,168924130912.00003,0.0838536007968359,0.12383176141906428,normal
6926.959964769222,10440.0,1.5071546613663471,-0.2555339752041057,2521.347307794187,6451.7890625,2,1240732.4159714873,3332999604671.9995,0.07871349025419036,0.12224984196186682,2215.8763058289996,3258.0,1.4702986766136854,-0.2910736213632301,813.9357850874608,2060.974609375,2,397184.52530143474,347336122780.00006,0.07729829597011267,0.12157959736878307,3187.1081922184962,5257.0,1.649457653441217,-0.20533320728782023,1194.6272014211656,2954.74609375,2,615213.2201605708,748228655064.0005,0.07788808722130894,0.12108177864987622,normal
7920.700103703744,11372.0,1.435731671583225,-0.26533566922026486,1412.642897375473,7793.7109375,5,570214.0581522625,1046244161752.0,0.08616102699554001,0.12559665041689896,2526.355596235972,3548.0,1.4043945378418543,-0.2817245004530564,425.5393778838612,2490.2587890625,2,165918.5540448922,94939648318.99998,0.08054484281015009,0.123120371179438,3481.133559683047,5767.0,1.6566442801249712,0.8278041237800577,697.8732484914756,3410.4638671875,2,316004.5107710472,255341795755.00003,0.08709977484443324,0.12477376137288097,normal
7845.402022181428,11320.0,1.4428833561358343,-0.05521675800072634,1276.8757764095983,7740.7958984375,5,515286.1921946812,854805201922.9999,0.07900978768078555,0.12331640046433737,2555.8995072216017,3730.0,1.459368801261951,-0.14007114125336395,430.20536688840247,2519.43359375,5,160114.41591753223,97033400774.0,0.07660246365266687,0.12151204193136704,3577.2910110220364,5009.0,1.4002215599923817,-0.5190322709771991,574.943703224945,3530.7861328125,2,202278.20417939514,173308508466.99997,0.08513476652530486,0.12478243118709788,normal
7774.931938319963,10963.0,1.4100444977488673,0.011709950394929614,1213.6850908325146,7679.6181640625,5,415662.7554709838,772292695994.9999,0.07521223056480822,0.1201305458740076,2621.024614587478,3984.0,1.5200162477783674,0.5946807988254976,421.3064659862488,2586.9423828125,2,137979.22746596465,93060656507.0,0.07736799887672888,0.12128495016161236,3420.5577306159535,5748.0,1.6804277117009614,1.2514714897780195,617.0860641455987,3364.4345703125,2,220970.67679995185,199645523431.00003,0.08385545182955255,0.12452796553641257,normal
7603.947437279288,10409.0,1.3688942599693148,-0.4599744325829045,1305.0593519255513,7491.1171875,5,503989.8015198642,892955233880.0001,0.07422626266463572,0.1192351496008444,2633.3379813134743,3670.0,1.3936684261734806,-0.37151138676208184,460.25294817757805,2592.8046875,2,159633.14093480303,111061168766.00002,0.07417131279091142,0.11922017173615754,3350.916206625902,5212.0,1.5553955033832545,0.7546337962558423,564.2735527473973,3303.064453125,5,194244.68671299616,166935603068.0,0.08271976288526901,0.12337310823803532,normal
8222.346481100965,11672.0,1.4195461145827473,0.46616056455432675,1687.3068666875247,8047.3583984375,5,620636.8409386851,1492634421487.0002,0.10232231360420474,0.12887807996719358,2832.3258374371517,4014.0,1.417209823440404,0.7927098120928235,564.589722198242,2775.4833984375,2,199184.4722348016,167120981855.0,0.10275417534576205,0.12882101042572333,3552.9134310636973,5142.0,1.447262957504864,0.6683347089692369,648.5548827764443,3493.2177734375,5,243896.0489360787,220527768478.99997,0.11804802856181044,0.13264431848832273,normal
6759.054623345427,11417.0,1.6891415495543223,-1.0357715906610043,2625.939482221635,6228.1025390625,1,1055996.7511163391,3615243542139.0,0.08724141150440606,0.12682706841562888,2378.2310076159415,4155.0,1.7470968912162916,-1.0352008819696252,924.4682516910283,2191.1962890625,1,390790.9851542018,448076326078.99994,0.08475903954999164,0.12505274063149724,3042.804546115208,5036.0,1.6550520822737476,-1.0410778088569348,1164.7497715913967,2811.052734375,1,509728.1046915386,711264835595.9999,0.08946479293181606,0.12523152763333664,normal
7774.537828971029,11267.0,1.449217978979363,-0.11885783423691487,1367.356304271746,7653.3505859375,5,486112.33189735725,980237670339.0001,0.09499464019011787,0.12580919661734372,2745.790142355999,4137.0,1.506670133373808,0.7002398404524284,463.69618752322936,2706.353515625,2,156183.1873721548,112728814604.0,0.09550987047971847,0.12605375004462618,3510.6854521232744,5789.0,1.6489657301820626,1.823863559071616,645.7612784770894,3450.783203125,2,224832.07020146854,218631514636.00003,0.09579396026517485,0.1259981540687856,normal
6501.777454088997,11071.0,1.7027651404828381,-1.3785023617279875,2649.163514910232,5937.595703125,1,1288049.2878431932,3679475742494.0,0.07031136205653642,0.1179496243881969,2270.642251517178,3938.0,1.7343110731638776,-1.293728722317002,913.6480245503407,2078.716796875,1,447647.3285958242,437648862142.0,0.07432059512150196,0.12028246269576234,2895.0891375323513,5206.0,1.7982175168662922,-1.3299418450191705,1119.7292298355685,2669.7841796875,1,612864.5785783078,657347652487.0,0.0778349595867476,0.12185843822806358,normal
7842.645282078478,12454.0,1.587984608772132,0.012474242480510878,1573.826660838787,7683.1083984375,4,639946.2940073678,1298619282587.0,0.0804901964255973,0.12177940054260954,2740.9390829860895,4203.0,1.5334160565951296,0.1315136602589626,517.8361262620728,2691.578125,4,200830.34335604386,140589762432.0,0.07933294927651749,0.1208307579117828,3453.467507335019,5051.0,1.4625879610194361,0.1112470918204087,633.902030640801,3394.791015625,4,249537.71593777573,210673948174.0,0.08400937920688879,0.12372736702295595,normal
7609.255736360037,10582.0,1.3906747738067224,-0.3585603327488447,1230.8246121754673,7509.05078125,4,509512.9211526213,794256276119.9998,0.09501939969752646,0.1272240463404622,2652.0931335942582,3718.0,1.4019115516358838,-0.0521895454638619,394.77968519980664,2622.5458984375,4,135223.76988475057,81710453683.0,0.09617314178496701,0.12720000375405016,3255.5339687791616,4540.0,1.394548496049795,0.023969812453215944,448.76594236739953,3224.455078125,7,174663.35478440227,105586779452.00002,0.09884151020776097,0.1282916382548324,normal
7360.177526174004,10413.0,1.4147756576481554,-1.0188413079980725,1393.923592551815,7226.9765625,5,616222.0613885239,1018699258238.0,0.07947847361805495,0.12194079339661903,2530.215840248058,3552.0,1.4038328048929485,-0.31460570708429536,442.7094248817301,2491.1845703125,5,168426.94923154646,102755842483.0,0.08318076562163138,0.123533127791567,3115.835196018878,5146.0,1.6515636021362992,2.247020053732613,482.574401100023,3078.23828125,9,160754.40262588346,122095167381.99998,0.08751590432040239,0.1247756520230578,normal
7414.518808995315,10260.0,1.3837715250722054,-0.6622255353376096,1452.747109576192,7270.8056640625,5,680654.8599417211,1106486185171.0,0.07656698550894214,0.11992166929670033,2520.7023756875533,3710.0,1.4718119980301327,-0.1541980579484501,457.4013902964144,2478.85546875,5,196773.5196963208,109688299704.00002,0.08079729598392729,0.12201775988111727,3064.988064248273,4392.0,1.432958271919794,-0.0857006203084194,448.68400128354534,3031.96875,2,179495.8808203014,105548240256.0,0.09009659426991458,0.1261547923323016,normal
7926.776159401122,11073.0,1.3969108976121989,-0.0366861796295983,1688.0586127957065,7744.94921875,5,864250.2585610875,1493975777254.0,0.08538952411558834,0.1251064839246701,2690.6548288851777,3710.0,1.3788465024096639,0.3107032732848487,535.5678743112138,2636.814453125,5,240305.43742020155,150381840188.00003,0.08820067926814333,0.1262209930452233,3364.7975287050613,5010.0,1.4889454587563529,0.04335208602541263,634.7418971579332,3304.3857421875,5,282735.14496692776,211232456723.00006,0.1018171525773417,0.13172600085476338,normal
7949.713754243863,11739.0,1.4766569417336908,-0.5928173043691518,1610.8509475899762,7784.7998046875,5,745112.9421901938,1360443647183.0,0.07398209333400001,0.11841166919779747,2739.455780379791,3869.0,1.4123243118980413,-0.7589268584388909,498.1043432798805,2693.791015625,5,213485.479106605,130080001484.00002,0.08117114206080195,0.12182069695850128,3452.4341820301224,4844.0,1.4030680223284084,-0.7776569605373269,640.8350722641122,3392.4375,5,211884.52847283642,215305820031.99997,0.08518337632014543,0.12348634811305925,normal
7660.888652136232,11768.0,1.5361142204721254,-0.3636732223657839,2552.337082944814,7223.2119140625,1,953343.0942921583,3415433896262.9995,0.07684861585401269,0.12332677951871185,2634.7933171728573,4083.0,1.5496471671565775,-0.37029768980841604,865.1602749356629,2488.701171875,1,334373.47016912367,392430669676.0,0.07668882528279172,0.12279370999959996,3299.730546083697,5624.0,1.7043815916044645,-0.5375860551663458,1105.7736522427017,3108.9365234375,1,431331.63270021917,641062680319.0,0.0783026571848178,0.12381534490425625,normal
7664.787992292864,11223.0,1.4642283663011955,-0.533119074675029,1391.3108610387994,7537.455078125,4,541879.1763090366,1014888307733.9999,0.07831051809545506,0.12095194424615544,2599.8903834314583,3786.0,1.4562152405068163,-0.404797519411757,454.5107087866059,2559.853515625,4,170342.956742038,108307403820.00002,0.08084397727395845,0.12282346351075434,3389.363718028199,5409.0,1.595874757031608,0.06063698402883855,679.8069592448509,3320.4892578125,5,251835.6069589189,242293141259.0,0.0803987704020242,0.12354370289098851,normal
8037.246600787797,12009.0,1.4941684132004731,-0.5729403725551232,1478.389544305066,7900.107421875,2,588102.843654114,1145902428556.0,0.07144056440117799,0.11792805936012157,2733.2354818454173,4175.0,1.5274937076336856,-0.09734327016703448,505.4261373405681,2686.09765625,5,185230.58965099909,133932267910.00002,0.07218671992531485,0.11741509835261102,3441.1554448903407,5325.0,1.5474453523763125,-0.4155045731839584,719.2863110971945,3365.1416015625,5,291852.1909541349,271252306827.00006,0.07946936595740597,0.12158590960194475,normal
8045.73374133916,11471.0,1.4257245353598698,-0.4662853095930113,1410.9795573890842,7921.0458984375,4,551803.3354982028,1043785469251.0,0.08021941661573533,0.12209204049722845,2736.200083237301,4140.0,1.513047245836573,-0.06067062740102536,454.9167706996708,2698.1181640625,5,144341.3311222375,108500769447.00003,0.08484505482221862,0.12395691196565795,3433.5032762539886,5351.0,1.558466548439713,-0.39573531833023434,614.4692964355944,3378.072265625,2,204189.85784491143,197956364428.00003,0.08969911208526787,0.12645102047565004,normal
8046.490787308116,10818.0,1.3444370081257582,-0.8898420533810314,1390.709745815759,7925.3984375,4,554485.5019814458,1014010801822.0002,0.07797683611970026,0.12061047168280062,2743.9465615098766,3772.0,1.3746623396063622,-0.9086841454497132,492.50849691506727,2699.384765625,2,164664.38455014472,127173601148.00002,0.07910674249082074,0.12099931968603966,3416.905327427373,5099.0,1.4922860048449442,-0.6308528604374866,709.6903538910676,3342.3916015625,4,294600.158314724,264062518678.99994,0.0839789552298493,0.12320060491297685,normal
6737.544547264024,11892.0,1.7650347120642182,-1.4478769593256782,2596.6384255575385,6217.0712890625,1,1655154.779688484,3535021169630.999,0.0861255548040779,0.12766406608484995,2469.883894664889,4473.0,1.8110163030990942,-1.2965971178629092,979.9456958594676,2267.1640625,1,611694.1277089407,503469396696.00006,0.0838732320501979,0.12633280456758836,3004.199907460283,5813.0,1.9349577854538464,-0.7734339459971564,1259.6116011401803,2727.37890625,1,746869.1096163619,831846518757.9999,0.07714704357213159,0.1208158544464756,unbalance_19g
7751.651068771877,10640.0,1.3726108032473312,0.5285954787642213,1727.0135540850017,7556.8193359375,4,651279.3882449638,1563714764935.0,0.10741136373925318,0.1334948664983052,2890.942563637334,4022.0,1.3912417529802423,0.04836828789089864,653.8057085768818,2816.041015625,4,241108.68390468505,224110409222.00003,0.10853535113188903,0.13366195685815335,3518.0177701725725,5926.0,1.684471309452569,-0.02378274419384052,984.0137721315219,3377.59765625,4,451656.31519511185,507641865846.0,0.10384683634264122,0.13267488289713233,unbalance_19g
6522.112842003588,10595.0,1.6244735803659023,-1.4888412009022078,2556.2596995684985,6000.291015625,1,1477140.7064326596,3425940817037.999,0.10083120370876923,0.13139929858372315,2415.664595608538,4008.0,1.6591707339198434,-1.3978992027628738,953.8464509518134,2219.3720703125,1,552879.2845842732,477009279722.99994,0.10097444787179616,0.13138661650641176,3028.1134440891474,6228.0,2.056726115118641,-0.8489570201542422,1263.454154785271,2751.9365234375,1,663501.5995509811,836928847754.9999,0.09868521455395395,0.12958070747370026,unbalance_19g
7792.010459626558,11177.0,1.4344179923669753,-0.061093421623181765,1328.4945225683477,7677.9248046875,4,704016.8347967507,925313021834.9999,0.07378567096835116,0.11907397154717356,2879.941729994561,4117.0,1.4295428123150866,-0.32300350679090695,509.01160468548323,2834.6025390625,4,247311.1128124221,135839193599.0,0.0771291728977066,0.12086291698471976,3579.3166551415143,5301.0,1.481008949679088,-0.4331824896385199,652.5778784268367,3519.3251953125,4,348423.85365665023,223272034815.00003,0.09016110309325914,0.12653896289010141,unbalance_19g
7673.05023171349,10069.0,1.312255191342787,-0.4456112585944254,1021.485553890912,7604.7529296875,5,344052.53617986,547059260855.00006,0.07987092302942053,0.12157106356228105,2791.0291646365076,3888.0,1.3930345297937283,-0.5399245368666388,412.6974959722006,2760.3486328125,4,143306.62789495703,89296277142.99998,0.08371090752710098,0.12296855171984926,3561.257851019119,5323.0,1.494696599539044,-0.10585159583787584,627.7976835144012,3505.4853515625,4,217388.11167810875,206636865063.0,0.08685828388741687,0.12487610796696517,unbalance_19g
8004.208423590758,10912.0,1.3632828410413609,-0.4133845550649462,1318.8791732324357,7894.802734375,4,594573.6481451845,911952328646.0,0.0739045117007926,0.11925092208834145,2844.441217162103,4086.0,1.4364860048247365,-0.2700019872486559,497.53629513330543,2800.58984375,4,226153.5462637383,129781231510.00003,0.08113120510427596,0.12289148295313262,3661.7508503500158,5805.0,1.5853072033683333,0.11435990679546038,741.1642572631715,3585.9580078125,4,321708.9242965051,288003520771.0,0.08243442933745697,0.12393684820571102,unbalance_19g
7820.307185375317,10473.0,1.3392057053187705,-0.6875548261184554,1171.9969256717961,7731.9873046875,5,400333.8396012304,720149773947.0,0.0751421901280362,0.11953413996540425,2747.038928022374,3965.0,1.4433723379575296,-0.1347416625743314,458.9403120627755,2708.4306640625,5,153888.10889345186,110428770427.00002,0.07832847900337346,0.1215111988845416,3418.322789949636,5268.0,1.5411066548450845,0.3316119990518396,603.8787909072713,3364.5595703125,5,210855.13459520123,191191331415.00003,0.08485124105315792,0.12555024259769135,unbalance_19g
7959.759848617058,11223.0,1.409967161502982,-0.16893295046621182,1233.3358311691422,7863.62890625,4,565486.0538671446,797488064614.0001,0.07480423019580919,0.11994133910675678,2704.610523168031,3970.0,1.4678638443474523,0.043968827422916856,439.27504126047234,2668.69921875,4,173119.51629509035,101167011702.0,0.07948159898056048,0.12115787013654436,3555.794716572689,5722.0,1.609204258426719,1.2107151681639614,647.0887082323944,3496.419921875,4,255862.26291367883,219527650924.0,0.08409822102028325,0.12392910011293891,unbalance_19g
7527.187273736867,9834.0,1.3064641070259857,-0.2855339226296625,998.95660244269,7460.60546875,4,325622.3486389793,523193903781.99994,0.07921978676197665,0.12162824031111265,2602.344211948323,3662.0,1.407192785330398,0.08604686054985633,349.3960867358025,2578.7822265625,2,109829.73155478753,64003575599.00001,0.08751984427006443,0.12519988852071104,3338.6945129468268,6125.0,1.8345493953545036,2.109071703442492,631.0337080589551,3278.517578125,9,214559.2472637829,208773336700.0,0.08009474320065339,0.12218082053330077,unbalance_19g
7013.029690263933,9995.0,1.42520428993419,-0.24404653566265377,2466.0543896413424,6565.1474609375,1,1014379.7711365888,3188417564518.9995,0.07485855369040806,0.12084798856814158,2386.726994871193,3617.0,1.515464486626466,-0.03240947526861726,838.937366168712,2234.423828125,1,359808.18955788447,369002231612.0,0.07700558534803076,0.12176295167979237,3070.150863588842,5323.0,1.7337910208678466,-0.12699700902840227,1109.3470646477103,2862.7216796875,2,418133.1554612149,645214238579.0,0.0810559771447593,0.12305685896881534,unbalance_19g
6921.33003110053,10005.0,1.4455314159335284,-0.39898857134484755,1957.1989921657569,6638.8388671875,2,772290.1641857192,2008332524859.0,0.08998442867190302,0.12696786726683087,2469.646943865408,3583.0,1.450814663569688,-0.3319696323098622,693.1988769538661,2370.365234375,2,275265.74261297367,251929365708.00003,0.09507244977063832,0.12959855880065868,3208.506962698928,4798.0,1.4953995910808384,-0.20860423495294977,934.8954690691027,3069.28125,2,348372.9668023367,458228887214.0,0.09905157070800016,0.13106819932092226,unbalance_19g
7582.678951984397,9828.0,1.2961118441428936,-0.7010667752371473,1036.8876757908704,7511.4501953125,3,325810.82678179414,563679824954.9999,0.08153651785893201,0.12364849513864794,2570.001409365494,3499.0,1.3614778525992581,0.1585970517097861,332.5096888858615,2548.400390625,9,105467.02366404842,57966008844.00001,0.08860104290047173,0.12617069804828238,3370.8959521925044,4881.0,1.4479829900490673,0.6193610523286477,463.7406736675112,3338.8447265625,9,196149.47284188724,112749525363.00003,0.09176158435023862,0.12642743701737227,unbalance_19g
7592.212703639479,9998.0,1.3168756448574286,-0.9075803805622553,1190.2011089475393,7498.3408203125,2,631257.87326107,742693208839.0,0.07684874524307861,0.11973010512616854,2631.7247252128927,3451.0,1.3113073593670903,-0.39859006531356433,406.0143329317205,2600.216796875,2,204826.68660700298,86426754268.0,0.08593108714332287,0.12443085466226057,3442.7864736467463,4769.0,1.3852151553704903,-0.26270484474421574,523.8860612674068,3402.693359375,2,217986.32200250373,143892766364.0,0.09278526808278273,0.12756031081840494,unbalance_19g
6989.871176108595,9873.0,1.4124723834318935,1.2374204384063772,1673.0488051485609,6786.693359375,2,713685.759296202,1467509002412.0,0.08223344990270993,0.12395133682331892,2447.193921984295,3685.0,1.50580628976556,0.7345236132065613,608.5934629701616,2370.310546875,2,212799.11151710144,194186123638.00003,0.0831067944522615,0.12430885325261516,3208.434242139429,4551.0,1.4184488933035853,0.9040334369953404,796.0605942358228,3108.1083984375,2,320963.19596100005,332236604771.0,0.08409674111724261,0.12413903680177682,unbalance_19g
6719.292278261389,10703.0,1.5928760882491917,-1.002911685904592,2189.5119268201843,6352.552734375,1,1256774.6203272357,2513416761451.999,0.08218099958574494,0.12521204530882746,2300.813783089176,3898.0,1.6941831749488088,-0.8719276590540286,735.5872431397227,2180.05859375,1,393279.17290730035,283686086501.9999,0.08438629389378531,0.12662386015511662,3065.7244980986447,5231.0,1.7062850896237591,-0.7992797995111531,1010.5321673554151,2894.3896484375,1,537089.5070228353,535389740063.0,0.08323669413732195,0.12549266114022073,unbalance_19g
6686.9040545652315,10089.0,1.5087699655436384,-0.67548108231653,2152.4895798946004,6330.9931640625,3,847104.2626373817,2429121904375.0,0.08556706856562075,0.12468337328680261,2354.5326603867966,3362.0,1.427884206731581,-0.7869466197090573,738.833385304315,2235.609375,3,298010.66630947276,286193686912.00006,0.08778015001809407,0.12554045450563997,2997.9964996174945,4778.0,1.5937310135650962,-0.5528449005782292,942.9449855233996,2845.845703125,1,342507.38510998845,466160732789.99994,0.08672082117240203,0.12530433113649603,unbalance_19g
6955.839706425413,10793.0,1.5516458767774701,-0.31649582141332644,1978.246501856362,6668.6015625,1,787691.6116617932,2051776923840.0002,0.08607742607021447,0.12476319808573197,2456.963707139999,3596.0,1.4635950826420157,-0.025602358298226324,673.4115848378624,2362.876953125,1,293876.3917820558,237755486972.0,0.09030291251890775,0.12707308982761917,3272.028827418997,5357.0,1.6372105145007678,-0.3765312687768434,987.7581507158961,3119.3759765625,1,404782.36644546717,511529876510.99994,0.08736562684690859,0.12602536758975377,unbalance_19g
7422.539833512389,10261.0,1.3824109038353836,-0.8181273777852018,1422.3172670477181,7284.9921875,5,519314.72624297754,1060620660350.0,0.08422080978618222,0.12346955560114085,2703.9422702382626,3688.0,1.363934445122242,-0.4022617217374136,419.96924527509003,2671.12890625,5,125522.3966851735,92469534064.0,0.0901402981287306,0.12555335100023224,3315.932142495201,5091.0,1.535314892230901,0.49040103818437153,547.2754267897529,3270.4580078125,7,162559.15841918706,157028706519.00003,0.09435565580404444,0.12795360199605724,unbalance_19g
6736.926886860674,10131.0,1.5038013875078466,-0.5346127227182853,1947.2147330830876,6449.3828125,1,853696.5214635212,1987908799639.9998,0.0854779361771465,0.12654575034263452,2425.728507478153,3557.0,1.4663636054217561,-0.36625233763504816,676.9537958517565,2329.3544921875,1,288030.4944487325,240263441071.00003,0.08883231753231442,0.12742231530781317,3011.1667352409886,4678.0,1.5535506371172807,-0.3981509647870469,878.5677753959582,2880.146484375,1,349592.7889112179,404686632332.0,0.08423790922467267,0.1250982312662002,unbalance_19g
6863.507490935302,9893.0,1.441391302197277,-0.4639114072053365,1895.7372596832781,6596.5078125,1,860686.3832959435,1884196461760.0,0.07997439297121241,0.12257020993133214,2520.093571551461,3539.0,1.4043129350237828,-0.32449324362195453,684.6184813847478,2425.318359375,1,313880.1175986345,245734887035.99994,0.08077548712145347,0.12174399017626492,3157.9372968289167,4577.0,1.4493637997803355,-0.42971433473570464,904.2613394745788,3025.703125,1,380739.50940989447,428704291902.00006,0.08192689360449655,0.12333631992461397,unbalance_19g
7532.592210531262,11726.0,1.5567018195417461,-0.3213302683573884,1534.3272617796486,7374.671875,4,666106.6636983285,1234254231854.0,0.07135134808568211,0.11708521526762611,2740.709558808118,4743.0,1.730573743123164,1.201212910207106,577.2596293447928,2679.2275390625,4,242018.23326009416,174706904223.0,0.07217000818467041,0.11752935160103554,3411.481197076691,4991.0,1.463000881926831,-0.24062906298787956,567.8587248013098,3363.8876953125,4,229243.87856115575,169062333555.0,0.09168891025777481,0.12617781932868272,unbalance_19g
6649.788115530097,10500.0,1.5789976789603286,-0.6903750877878698,1947.6511000966746,6358.1708984375,1,1066609.2052287995,1988801811083.0,0.08409266866316101,0.12556694012406844,2451.1226123037736,3951.0,1.61191446734136,-0.5249486349561332,710.9241749454158,2345.759765625,1,388953.92792908713,264981257646.0,0.08696363481902938,0.12557117983922914,3073.6369428806365,5259.0,1.7110023394862062,-0.5808398297686672,907.8232109196955,2936.51171875,1,440224.2168279067,432086355096.00006,0.08440665394615886,0.12330408501879783,unbalance_19g
7431.897901936267,10420.0,1.4020644709456018,0.6783115319656603,1366.1051852914677,7305.2626953125,4,445262.35463762365,978355996626.9999,0.11448924079893871,0.13650045839670266,2720.379755235528,3836.0,1.4100972456574845,0.9130188671464694,474.8155611709549,2678.6220703125,2,146004.3730797357,118184360211.00002,0.11895399780317999,0.13717410183154535,3324.6973010418087,5487.0,1.6503758096355492,1.0733817812214053,581.648500748621,3273.4228515625,2,171185.56131783617,177356151895.0,0.12450816085426852,0.13832193077924898,unbalance_19g
6455.256287045876,10376.0,1.6073722775069519,-0.6390190009003622,1934.9339166596535,6158.4384765625,1,875593.4120745561,1962890605887.0005,0.09247079736060196,0.1276922963053015,2368.9284645831963,3744.0,1.580461400998338,-0.6276614290110403,683.1383013324652,2268.291015625,1,320628.61409902066,244670422428.00003,0.09532117452943674,0.12893509351695082,2983.525019665287,4819.0,1.6152034818667718,-0.5156530410398297,903.9026479711614,2843.3046875,1,368340.2621018778,428351795934.0001,0.10134863402814395,0.13098524612987292,unbalance_19g
7428.655942320589,9630.0,1.2963314056771011,1.0913350584767185,1194.9869998352442,7331.912109375,4,501931.54126303445,748679929101.9999,0.108889729243525,0.13103106058039105,2756.589823686993,3687.0,1.3375221689923258,2.3874813078233537,405.2320726242834,2726.6416015625,4,132723.7139326867,86094907515.00002,0.11228507390931314,0.1318137276112416,3562.7691674630005,5306.0,1.4892909842313278,1.177393838158837,582.4891952069208,3514.830078125,4,223408.52672142853,177886446614.0,0.11325869323807249,0.13161229709607178,unbalance_19g
6734.477651334818,10531.0,1.5637441454591041,-0.3853472594157106,1932.3060483617812,6451.30859375,1,886533.9291685126,1957571374704.0,0.09887229539673066,0.13103127115269195,2546.0352591854703,3929.0,1.5431836561670276,-0.4506003401520484,737.7845550971081,2436.794921875,1,332745.93854908634,285380812254.0,0.10073475014487004,0.13186244078294246,3068.434589187946,4917.0,1.602445760885935,-0.2304071673848318,906.5723380143111,2931.453125,1,396591.5684076265,430889768606.00006,0.10532188281190615,0.13315229837634598,unbalance_19g
6392.886460273271,9554.0,1.4944735933244784,-0.4102479330441766,2196.2260019221203,6003.7978515625,1,881827.2065169659,2528846171443.0005,0.08974989098212888,0.12809726133445573,2448.1211673444595,3562.0,1.45499334245118,-0.41315119707855663,842.9384059984576,2298.423828125,3,336324.2601252568,372528937659.99994,0.09345325864390583,0.12948337308999164,3113.9238295454397,4875.0,1.565548891641205,-0.39675228139154806,1096.2333267975291,2914.5830078125,2,450665.81259367557,630051295763.0001,0.09104949755802778,0.12722663708869006,unbalance_19g
6770.651122820694,10121.0,1.4948340737697812,-0.37460059539761703,1993.2909914636743,6470.587890625,2,797661.2365566134,2083102105052.0005,0.08396960216841776,0.1242382950855509,2575.579170303254,3795.0,1.4734549975232052,-0.3977184581420121,728.4260579052119,2470.42578125,2,289002.70247812674,278188963046.0,0.08706697869208528,0.1252428207397417,3116.535661483256,5206.0,1.670444546597071,-0.39106472957649796,908.5072870292935,2981.17578125,2,335473.5086353264,432738098870.0001,0.08551265585827661,0.12430993034100078,unbalance_19g
7023.239754516007,10853.0,1.5452982354790639,0.9515590385992514,2209.4470343936964,6666.6513671875,1,858439.1323906837,2559392259515.0,0.08084120941987964,0.12229654114890573,2725.6483700414065,4049.0,1.4855181044275678,0.9470448486275158,859.083777493394,2586.72265625,1,325701.18001118564,386937614839.99994,0.07905691223236039,0.12117140511021049,3328.9304179479423,5358.0,1.6095259820128174,0.7490567973813316,1090.7516565124502,3145.1611328125,1,419017.2450679884,623765842643.0,0.08319769411381697,0.12417841844471031,unbalance_19g
5931.907947240184,10503.0,1.770593895491334,-1.345113160555742,2513.2049424873735,5373.205078125,1,1551056.8787213124,3311494481597.999,0.07630930147307032,0.1165993339688114,2310.0885687160353,4070.0,1.7618372105369695,-1.4193263642008507,976.3544895790343,2093.619140625,1,611481.3170712204,499784125596.00006,0.07944809150769597,0.11903384369497351,2780.9253005688142,5359.0,1.9270564365406948,-1.169409541117305,1221.7899313501991,2498.154296875,1,770667.9472602905,782641130782.0001,0.0826426417762108,0.12179904322951794,unbalance_19g
5812.107875214035,9449.0,1.6257440850841114,-1.3014224547174278,2081.646117586895,5426.541015625,1,1299418.7022950863,2271869960044.0,0.08469848089268144,0.12620235211626984,2271.1682491220927,3594.0,1.5824455107582807,-1.4398612107209878,810.1818224575492,2121.7470703125,1,515338.9308999939,344139744898.99994,0.0868899714422809,0.12667498221907597,2733.8995886713724,4572.0,1.6723364745893659,-1.2960042881193181,1000.4546225788789,2544.267578125,1,656341.5510894521,524764211883.9999,0.09001288216742297,0.12985906078204326,unbalance_19g
6227.65366074287,9550.0,1.5334828364332678,-1.1424517513051526,2162.1330346331297,5840.2783203125,1,951909.8740492474,2450913384895.0,0.0838807690711981,0.1244614582711742,2422.9244351319285,3785.0,1.5621618013002152,-1.1759866468180165,847.1812210779025,2269.98828125,1,358646.5184287185,376283987477.99994,0.08351381202662743,0.12435893135520475,2866.3946478710413,4667.0,1.628177754052926,-1.1859397291603113,1020.8313630615735,2678.455078125,1,451410.87485476234,546355316158.00006,0.08380327182378218,0.12493338501214363,unbalance_19g
6382.503367667051,10531.0,1.6499795446013714,-0.9099790562679755,2492.9276623863766,5875.513671875,1,1349710.9165799904,3258285489789.9995,0.07254448028227004,0.11800306685892822,2525.780815612397,4252.0,1.6834398193689133,-0.9087936471899067,984.3697487381634,2326.06640625,1,536942.7025484864,508026560102.0,0.07315418313892455,0.11786209076879256,2942.863393720742,4628.0,1.5726180188570338,-0.9766164762582696,1141.5253317612514,2712.4462890625,1,580163.6977979675,683189220078.9999,0.07438432613119471,0.12006172926710026,unbalance_19g
6605.026283303118,10133.0,1.5341346976340224,-0.4727053168974864,2078.7405739740852,6269.38671875,4,733238.2157651252,2265531271727.9995,0.07898416378302284,0.12216108569415837,2564.0471383223557,3905.0,1.5229829208814871,-0.5386150196384678,801.5381575387939,2435.5439453125,1,262159.6327310159,336835653767.0,0.07863453475171026,0.12164886747193118,2922.742554526324,4303.0,1.4722473566261016,-0.41028610840427593,860.4155194457921,2793.2255859375,2,287554.1268025588,388137715407.0,0.08254325506387492,0.12295400108422759,unbalance_19g
8649.025263394478,14039.0,1.6231886914954068,1.9376912489759404,3180.634067853796,8042.9599609375,4,1128652.3065574039,5303872433087.0,0.08127915436952463,0.12344257364151705,1936.403295709035,3118.0,1.6102017626748102,1.7532890499961216,723.9726748124434,1795.9736328125,4,237647.21973211333,274796016039.0,0.08047860809184815,0.12323812165428298,3800.0812820254255,6017.0,1.5833871839691196,2.0163483035156604,1389.6719929486383,3536.8671875,4,447088.6976326628,1012461964462.0,0.0846705937672218,0.12423886743565514,unbalance_23g
8818.051314178898,12258.0,1.3901030469498257,0.14876868169371882,1251.8273664225287,8728.7431640625,4,717500.417169715,821596544071.0001,0.08127847705496791,0.1236409040011642,2065.7320875702126,3226.0,1.5616739554036436,1.6483035397069559,351.08580639642184,2035.6787109375,4,170971.11297948234,64624246623.000015,0.08065473045300339,0.12289057520758977,3827.897422061898,5404.0,1.4117410693542394,-0.20188733190607255,596.2452390724618,3781.17578125,4,312670.0415712114,186388380597.9999,0.09374092192529543,0.12790692354918215,unbalance_23g
8427.938594063942,12739.0,1.5115202677167667,-0.24855637887161164,1756.7741551245701,8242.80859375,4,1076221.8905798492,1618085071589.9993,0.07383225084695412,0.12033824646054009,1982.752867996129,3348.0,1.688561420861118,0.5386172172735479,444.4776332750401,1932.291015625,4,258649.43230041978,103578225222.00002,0.0791828917041789,0.12392813680275813,3712.803027405642,5558.0,1.4969821881134664,-0.5447601588053428,720.7567920397868,3642.171875,4,415128.2999832312,272362555885.99994,0.08627714279975775,0.12579109101278146,unbalance_23g
8397.253314479625,19758.0,2.3529122273744814,10.292197273841186,1982.0047716933532,8159.9951171875,4,988619.6907516668,2059558135487.0005,0.11546131448586407,0.1328513221623618,1987.221766098653,5057.0,2.544758761337436,15.596960612459203,468.1187714023565,1931.298828125,4,210456.93984269974,114888552972.0,0.11672225022268039,0.132925314147359,3931.4950185717757,11435.0,2.9085627594548193,22.330772467077896,1234.732624142164,3732.5712890625,4,483343.0091228122,799305530931.0,0.11142225976654366,0.13203753464930446,unbalance_23g
7748.0493176987575,11582.0,1.4948278624844842,-0.4585765444266614,1851.310288267829,7523.6240234375,4,813648.2983845377,1796917985683.0,0.08000783461957137,0.1216739517379654,1857.7884804481746,2853.0,1.5356968944665539,-0.20961041023837224,422.4899690588466,1809.1103515625,4,164076.97507754003,93584068626.99998,0.08056822702350017,0.12235858037220762,3565.24584695344,6397.0,1.7942661669366615,-0.11951589186465483,942.4824946449933,3438.416015625,4,363322.1879416731,465710926316.00006,0.08180773770314588,0.12306641372104328,unbalance_23g
8166.678200652197,16256.0,1.9905278009732015,4.418660754778943,1908.985259117326,7940.4287109375,4,849789.5756127469,1910599698171.0,0.1200540433374883,0.13584928944283167,2008.5490188523686,4261.0,2.1214319192640976,5.66548981515502,481.1352499110121,1950.0712890625,4,199674.8916775182,121366307786.99997,0.11973758583132824,0.1365381009153576,3856.2646541709,9618.0,2.4941234231932863,8.870484954411939,1242.7469837437586,3650.5283203125,4,517042.1875784425,809714176575.0001,0.11584201586011035,0.13546322560037208,unbalance_23g
7971.3233591231965,13499.0,1.6934452903043213,0.05617228499054061,1708.2807630841978,7786.126953125,4,744998.068409758,1529983099948.0,0.10179833269986435,0.13100870107080678,2032.990587654598,4040.0,1.9872202185947307,2.5753897062787274,447.5671083638963,1983.1123046875,4,169510.25192462394,105022563127.00002,0.1046695636742547,0.13170795085757203,3712.699280610024,9405.0,2.533197355659435,9.550310764000569,986.0747363369836,3579.3564453125,4,404533.6580686306,509786432466.99994,0.10395422134297842,0.13077431580478388,unbalance_23g
7380.559300611557,20410.0,2.765373079288018,5.025991053772177,2427.1480582444933,6970.05078125,1,883634.7407948109,3088523489847.9995,0.11493166224903704,0.1335333421923376,1994.1585959645674,5497.0,2.7565510642553086,5.032524585435967,649.0369090325288,1885.58203125,1,221638.96310367162,220850022424.00003,0.11478928436765105,0.13359386744647297,3555.7295180136293,11942.0,3.3585231777335167,11.748973691815134,1297.1231058233172,3310.6923828125,1,381402.7873697352,882078752191.0,0.11670740801489418,0.13368512775779556,unbalance_23g
7940.788138758548,12059.0,1.5186150026016547,-0.5490651427212865,1746.819746158637,7746.2724609375,4,1018753.0403285917,1599780223602.9998,0.10287759052286145,0.13226178727895083,2163.7336124180842,3400.0,1.571357943735192,-0.3320923905675275,470.04177125302294,2112.0615234375,4,256015.4319452986,115834213159.00003,0.09741485047080732,0.13011449927456167,3720.4142957776307,6093.0,1.6377208331112645,-0.2548948129876907,802.6064777164906,3632.8095703125,4,474705.2792916555,337734158539.0001,0.10626792169444758,0.13237661856916919,unbalance_23g
7895.806177916144,17179.0,2.175711968215242,3.843242863845078,2237.5144989728806,7572.138671875,4,909762.9958969826,2624620392606.0005,0.11244932810206226,0.1326941251565821,2130.361999984172,4626.0,2.1714619393485095,5.35024549683542,574.9811730586578,2051.3017578125,4,193807.75167041345,173316577474.99994,0.11798231745700373,0.13400270828486396,3982.196077494097,10287.0,2.5832479867423728,10.556351823751582,1382.0995322074675,3734.66015625,4,454855.2408917735,1001407486566.0002,0.11548061312188808,0.13371396687249437,unbalance_23g
7817.666426277029,12412.0,1.587686059139122,0.29990276866669907,1914.0556882708731,7579.7294921875,4,983340.4111426587,1920730370991.0,0.10690470943427793,0.13285888576512367,2170.5703019130424,3806.0,1.753456221457358,1.0111840002759118,547.1354822588783,2100.48046875,4,259911.62278976457,156943183127.99997,0.10489627693844475,0.13213213667516574,3816.4504970567054,8114.0,2.1260592810669543,2.955939960583053,1059.3872293726276,3666.46875,4,490769.271984037,588367115448.0001,0.10874197730507318,0.13323915773744338,unbalance_23g
7222.387055556732,10507.0,1.4547821820095013,-0.7029853431584558,2007.1210489758623,6937.8916015625,4,791839.7510129032,2112105916318.9995,0.08616474234299112,0.12689653370676604,2008.532267388459,3162.0,1.5742838944336737,-0.26091944395440114,546.3981687913036,1932.783203125,1,207234.65499201158,156526173046.0,0.08775603339167512,0.1274745665211397,3409.8487374236083,5616.0,1.6469938793365073,-0.12506822024048958,895.7838130683368,3290.08203125,1,340012.4834910556,420703490198.0,0.09117494741648333,0.12831787906388942,unbalance_23g
7523.350037783409,11364.0,1.5104973107629265,-0.23860656083439302,1982.3011604247185,7257.498046875,4,917620.6857854223,2060197737589.9998,0.09451610510518836,0.12820199732824727,2066.9798589499337,3454.0,1.671037085844997,0.446523709348015,525.9685312501504,1998.9404296875,4,204168.2351156135,145040035475.00003,0.09384217880556758,0.12766456951040026,3562.931665185462,5814.0,1.6318022758646882,0.12629075673981838,882.8163151189688,3451.828125,4,361678.04671155213,408611192159.9999,0.10549979189653269,0.13126361847605583,unbalance_23g
7166.640875710617,11750.0,1.6395407839987397,-0.7104099453079802,2485.136580374669,6721.966796875,1,1068439.2627568694,3237920995382.0005,0.0936569234456221,0.12775649441700482,2060.620830485621,3734.0,1.8120752468177361,-0.5880793179711645,740.602533424303,1922.931640625,1,308220.3819479116,287565141486.0,0.0899985709938944,0.1261346288762087,3513.6462646718137,5977.0,1.7010818818320266,-0.7477464228113249,1224.1364015542763,3293.5087890625,1,523106.93633871654,785646306915.0001,0.09865975423349199,0.12929415374572562,unbalance_23g
7967.76680049745,12721.0,1.5965577706423075,0.2726013716730207,1377.8256862757792,7847.732421875,4,679177.2000012285,995310136796.0002,0.07852940931426407,0.12205929905624781,2252.6151971791587,3434.0,1.5244503385665835,0.4070251520457724,415.23329263569394,2214.013671875,4,180783.72708428197,90397024533.99998,0.08159652707853027,0.12304892434718137,3857.218731644603,6224.0,1.6135978882759061,-0.6419076537820843,755.777398531763,3782.451171875,4,387097.46265150874,299471920891.9999,0.09106538383184659,0.1275663816149788,unbalance_23g
7819.278680230138,10599.0,1.355495875444108,0.5573550782344507,1393.641203108049,7694.0810546875,4,702807.0119997059,1018195193399.0,0.11965155282199573,0.13569926239895705,2273.9487681124215,3227.0,1.419117284106051,0.9995989168242421,399.8634724888726,2238.515625,4,183074.69374376856,83820945534.00002,0.12113895602804978,0.13571828721556267,3764.64965545538,5920.0,1.5725234860623183,0.27297359200849547,670.1818984933404,3704.5166015625,4,327877.5975848245,235440147579.0,0.13176427453435763,0.13765219069739776,unbalance_23g
7543.455357232685,10441.0,1.3841137125560292,-0.4941683687280465,1243.6946926851174,7440.224609375,4,604321.0988704115,810956351084.0,0.08004560270199412,0.12246436556315346,2162.497342393598,3155.0,1.4589613305641491,0.022065408459080338,361.9448415136481,2131.9921875,4,145544.0164135918,68683858221.99999,0.08704966874048171,0.12546470719546773,3567.182282218041,5042.0,1.4134405256310398,-0.7037783574707013,623.6154519675086,3512.2490234375,4,292297.8746739479,203893081634.99994,0.09017512013846218,0.12667234671011102,unbalance_23g
7914.35896655961,10945.0,1.3829294382837194,-0.6319593392459493,1236.2406764836978,7817.2109375,4,509880.8582594231,801264575902.0,0.08304295750356372,0.12365714458813588,2277.4396028284154,3258.0,1.4305538535264775,0.13753091037778775,350.7018831981854,2250.275390625,4,139690.80308625413,64483056043.99999,0.0832449748113489,0.12367664461782449,3649.3490682682454,6395.0,1.7523673072564336,1.60040152504701,617.7789834230975,3596.6787109375,4,268879.55152038473,200094244143.0,0.09101499118715632,0.12656687751005424,unbalance_23g
7662.187966283786,10482.0,1.3680165569057217,-0.550185702536147,1057.4658685532947,7588.8662109375,5,411127.129204716,586272800078.9999,0.08881034188534953,0.1271009167004532,2152.677230290807,3061.0,1.421950284477384,-0.08212914039888508,300.84967137262197,2131.55078125,5,108454.56473212095,47453109615.99999,0.09122582558625682,0.12773681588726493,3618.262116291121,5199.0,1.4368776591921444,-0.7449134480284614,648.063865996437,3559.751953125,5,249616.52570325494,220192574174.0,0.08872986428008371,0.1266763872890176,unbalance_23g
7305.758831865106,10508.0,1.4383173934195397,-0.02802685558060869,1308.2052194303717,7187.677734375,4,626219.179174882,897266906830.0002,0.07945536981902505,0.12194640012558317,2080.4838306813544,3101.0,1.4905186737185208,0.2897952650632085,352.3337226269742,2050.4326171875,4,145659.5601492234,65084611387.00001,0.08325086471462453,0.12318899110989177,3390.0285198261054,5107.0,1.5064770016335933,-0.331925296587364,608.0968358950419,3335.04296875,4,285025.0169359972,193871706031.99997,0.0855063368396051,0.12446044029809729,unbalance_23g
7361.88138026084,9693.0,1.3166471312604286,1.9939215412716518,1121.163578373029,7276.0078125,4,466944.99453996675,659032961438.0,0.10822464007362712,0.13102668502691883,2130.850811451628,2918.0,1.3694060533558103,1.7769998502751765,328.6201375338211,2105.3583984375,4,111838.74870445995,56618486335.0,0.10855174459797955,0.1314433295887997,3497.547844534037,5427.0,1.5516585451379339,1.027761537203653,584.7518124847896,3448.3193359375,4,233762.7836841094,179272195882.99997,0.11613549209715085,0.13311313052436075,unbalance_23g
8039.352285471876,11448.0,1.4239953162256593,-0.4230229763014668,1393.7221336144908,7917.62109375,4,644878.013324017,1018408945782.0,0.07841529938675416,0.12137148809246855,2220.0180808490895,3442.0,1.5504378228683342,-0.03523491540459611,380.4390063480833,2187.177734375,4,180579.9932966959,75882202054.00002,0.08124962727419564,0.12258586566639906,3695.382712070818,5507.0,1.4902380697976445,-0.44673125085033316,701.3228538598106,3628.22265625,4,339449.8261763868,257872891439.99997,0.08704712821768368,0.1254536758873301,unbalance_23g
7112.372585153217,11552.0,1.6242118732804185,-0.4770888139496674,2150.5701113322857,6779.4462890625,1,839007.9514509644,2424806595567.001,0.08081907908779755,0.12337185669717263,1957.4712095284601,3212.0,1.6408925885422072,-0.482260787005778,590.9453009055715,1866.1396484375,2,233698.4464690887,183089939707.0,0.08342522838021246,0.12489683759512747,3348.892180836401,6026.0,1.7994010181883429,-0.5020624983423572,1081.9508246103248,3169.2998046875,2,405836.6457135335,613740342063.0001,0.08142292211638286,0.12356972989779663,unbalance_23g
7840.064038073525,11085.0,1.413891512386655,-0.3755762025907736,1375.936419580275,7718.380859375,4,622762.4906653479,992582213916.0001,0.08025466893475337,0.12223536839504129,2076.823222439894,2968.0,1.429105745703832,0.2617651605948641,361.8977588355435,2045.048828125,4,160099.6516356435,68665988758.0,0.08023615246577956,0.12234660833978232,3542.6367686250396,5850.0,1.6513123930203235,0.04760547211617583,714.7443367779409,3469.7861328125,4,341538.4153935311,267836807267.00003,0.08637884329438766,0.12483510657351525,unbalance_23g
6926.561414673951,10910.0,1.5750961186725518,-0.5556322305091488,2011.7603530740641,6627.9765625,1,846461.3016373526,2121886996247.9995,0.07850755681941501,0.12180085958472263,1793.373539001461,3025.0,1.6867651575166547,-0.36344104436383873,528.9345166323823,1713.59765625,1,194306.14793168518,146680955896.0,0.07755127513156232,0.12108333219690164,3247.056565995338,5492.0,1.6913779875333053,-0.702572444740325,1021.9792845314607,3082.0341796875,1,418544.2177746564,547587143130.9999,0.0779560562500369,0.12143487165059505,unbalance_23g
6912.561643316915,11250.0,1.6274719243735833,-0.32405883257731993,2134.3203554375,6574.814453125,1,989003.0772471833,2388282337270.0,0.0908911598671276,0.12720886206242552,1740.3939745136552,3031.0,1.7415596953253063,-0.055667052129086514,543.4742643050138,1653.3623046875,1,249164.43868043786,154854660710.99997,0.0889949816440934,0.12633222958332208,3142.9373601775774,5366.0,1.7073200592508209,-0.5356736747402273,975.4299266973616,2987.740234375,1,433325.42307846784,498832072236.00006,0.10103459899838974,0.13166775652975082,unbalance_23g
7400.578907821903,10118.0,1.3671903409212987,-0.4842192573755084,1967.266984686403,7134.3134765625,2,858681.390895393,2029062906035.0002,0.08234078910941685,0.12415567522787628,1808.7439948392882,2746.0,1.5181805760433165,-0.5652154566408094,492.2945898957488,1740.4599609375,2,210996.11294807793,127063075599.0,0.0788512100542674,0.1224923003238511,3335.531781387855,5570.0,1.6698986443722095,-0.3342830323880017,877.6629539267665,3217.9931640625,1,327961.02906039497,403853998950.99994,0.08044584879794597,0.12274532383112499,unbalance_23g
8035.8167969255,12429.0,1.5467002688208782,0.02290249926753196,1471.907514522561,7899.86328125,4,525175.9561035739,1135853104821.9998,0.0778527045785514,0.12109476002253888,1973.5832955348153,3009.0,1.5246379551386506,-0.29194604644582034,350.29607802054136,1942.2470703125,4,131187.22400321247,64332584254.99999,0.07952297866935783,0.12187408186050608,3684.130235720502,5461.0,1.482303732656182,-0.9058898582622783,756.0102844749756,3605.7265625,4,296362.1136246118,299654097309.99994,0.07806526357769465,0.12084646017925242,unbalance_23g
7082.522979688276,12695.0,1.7924403544340843,-0.8119100058748128,2792.448974060543,6508.791015625,1,1165410.193092393,4088277334725.9995,0.09647069436807743,0.1292647876644592,1683.9836427886369,3022.0,1.7945542481610093,-0.6814180603924731,657.7153113101241,1550.2294921875,1,292852.86705528677,226801435135.0,0.09882841642921851,0.13003957938980257,3249.1341158729792,8959.0,2.7573500140337823,2.389951232394198,1342.0266246311337,2959.0263671875,1,509817.7463626935,944261273950.9998,0.10647716577040091,0.13165239792998845,unbalance_23g
7449.465975184375,10864.0,1.458359570496745,0.8009177200145539,1913.9171616215106,7199.4072265625,5,665544.3230131074,1920506809490.9995,0.08937613127562816,0.1262272579427205,1731.2116114313374,2660.0,1.5364961639789116,1.5002476554420694,428.5183405373004,1677.3388671875,5,155448.14241002244,96273867599.0,0.08877813005266748,0.12572716837757653,3378.9266953138667,5077.0,1.502548133713922,1.1834332212381335,875.3413944545665,3263.5751953125,4,301180.8885505379,401721159271.0,0.08595030637438858,0.12486359737235464,unbalance_23g
8038.005086615766,13192.0,1.6412032410835677,1.2424781938262779,1381.3306573629159,7918.4248046875,4,551090.9930602742,1000379672387.0,0.08016867132851849,0.12186355039516839,1938.4682265721272,3241.0,1.671938675895242,2.2778581396373676,354.7593100067437,1905.7294921875,2,126183.19003518156,65983624611.0,0.07837222003458134,0.12114774578662678,3569.277812052373,5174.0,1.449592963184027,0.005936570244584161,598.6912249966847,3518.708984375,4,243525.453533005,187920973325.99997,0.08876429234695325,0.12570202178113038,unbalance_23g
7438.707512665381,10346.0,1.3908330153302264,-0.42931497504070926,1308.844873665444,7322.65625,4,556234.8378504672,898142401504.0001,0.08819836217416163,0.12548763611446961,1897.2046483020915,2610.0,1.3757082043499242,-0.17132895157401373,309.6018927833574,1871.7724609375,4,115375.77034305283,50254531951.0,0.08965973532901517,0.12577743803420816,3429.3377952408227,5486.0,1.5997257568541012,-0.2639898207566258,717.1360518840816,3353.5166015625,4,279767.9066476413,269631667523.0,0.09192763552270786,0.12824458846833753,unbalance_23g
7447.455786337581,11235.0,1.5085688753749569,-0.31631955828369973,1443.9008892368072,7306.14453125,4,591879.4994546698,1093057944624.0001,0.07734747931067237,0.12022530251514217,1818.7320153213027,2705.0,1.4872999305079735,-0.1602338858647503,350.8439222909449,1784.5712890625,4,144802.80895317683,64535279619.0,0.07859187623500838,0.12066855860507911,3328.932222234988,4775.0,1.4343938780448187,-0.9321861674165177,631.485625779238,3268.48828125,4,259756.74293161527,209071098534.00003,0.08693002487956891,0.12511194978684972,unbalance_23g
7303.411875382928,10130.0,1.3870229658201867,0.7527025457694441,1158.608820434426,7210.92578125,4,538405.8444669646,703788808741.9999,0.11295803075482001,0.13413176906844942,1817.5666000736053,2466.0,1.3567590865171792,1.5513652862590375,253.7974226436708,1799.759765625,4,101475.93736333847,33770758214.0,0.1182572031246542,0.13505058889461385,3265.9626416360766,4872.0,1.4917500702210673,0.4285798154549938,541.9029823408407,3220.69140625,4,210002.79912576458,153955131237.99997,0.12501985819876751,0.13653459927156905,unbalance_23g
7461.256423157522,11325.0,1.517840877958646,0.023905536000277117,1659.4111239180552,7274.38671875,2,549516.2552954716,1443702509749.9995,0.08162584285219278,0.12234420017319884,1858.3624895531348,2787.0,1.4997074121261278,-0.030531426397622408,416.75415827387747,1811.029296875,5,138925.692846497,91060427260.0,0.08208325772496863,0.12300086694559001,3274.7242867601653,5327.0,1.6267018330481327,-0.18328483860602862,742.3582613564647,3189.470703125,5,248738.65405532956,288929497334.0,0.08918830777724386,0.12620780391881495,unbalance_23g
7032.0729628109575,11959.0,1.7006365069368654,-0.6908099388754714,2467.800088038104,6584.83203125,1,1364129.0838048405,3192923472133.999,0.08250147961505935,0.12597464451348317,1832.494402543037,3095.0,1.6889546815013055,-0.6868177348231033,642.9487436126684,1715.9990234375,1,363634.3602699318,216730953359.00006,0.08277116769976695,0.12549971954736924,3330.1030514096424,6080.0,1.8257693248941105,-0.6448352119354301,1297.9078870187154,3066.7607421875,1,664338.0120642523,883196577810.9999,0.07746450553153988,0.12285216680764884,unbalance_27g
8025.669865563598,11533.0,1.4370140054583596,0.23810863193208887,1468.2517583217189,7890.22265625,4,588637.8680435639,1130224327813.9998,0.09583201714086693,0.12896305545429154,2113.423764141006,2893.0,1.368868870070575,-0.007416243903094255,370.1280057051366,2080.7607421875,4,129344.58684365028,71822775803.0,0.10111856932873085,0.13079389401658417,3748.602128913982,5348.0,1.4266651450548538,-0.3257671897629031,733.2014764278456,3676.1982421875,4,329330.0534134219,281840618822.99994,0.10519945908924197,0.1325546028285758,unbalance_27g
8252.541128473607,11290.0,1.368063463633801,-0.43341563359989,1240.4979393725519,8158.7744140625,4,518437.63878661604,806784943930.9998,0.08593686019179832,0.12491428285614808,2220.995598868965,2939.0,1.3232804250024974,-0.46645430039097624,326.54957879307545,2196.8583984375,2,121283.94125557103,55907071311.000015,0.08924887869771897,0.126564287318407,3682.6840484599343,5272.0,1.4315645682948837,-0.4973296906715112,652.7277399020143,3624.376953125,4,303959.8201667067,223373640524.00003,0.09110119017584523,0.12769312412139136,unbalance_27g
7607.914267521232,12381.0,1.6273842691492246,-0.028716892286474227,2248.9266597311725,7267.921875,1,1147182.1695488456,2651674171255.9995,0.08817423257972677,0.12893781970271304,2181.6232779637103,3594.0,1.6473971635261326,-0.0969139766556224,637.2627647890359,2086.474609375,1,306267.3105440773,212915365099.99997,0.0890510049455077,0.12842530515313563,3383.344223366736,6279.0,1.855856095467526,0.14641728175469293,1006.5236249932932,3230.1591796875,1,463869.6223419018,531149330903.0,0.09282864058155606,0.1298300570739263,unbalance_27g
7362.616726313665,11025.0,1.497429570195762,-0.3344638601598233,2041.8123861155957,7073.833984375,1,909940.1184169265,2185755514310.0,0.09242831521412224,0.1303759391505277,2300.4098125473342,3418.0,1.4858222136581456,-0.32220139421197613,628.968309419085,2212.7548828125,1,292223.32903158484,207408879735.00006,0.09520734691275065,0.13046601978652947,3505.109529872961,6019.0,1.7172073935784118,-0.05354436126777351,1014.7166436392524,3355.017578125,1,423616.94622144423,539829914333.99994,0.0896238522126866,0.12695959430474255,unbalance_27g
6000.314823853126,10460.0,1.7432418643132244,-1.3527026608438684,2470.470961281953,5468.1396484375,1,1295201.7455756988,3199841752711.0,0.09021786514054196,0.12863050518591704,1948.1283392957425,3396.0,1.7432116413991852,-1.2935046812178403,818.9305189042276,1767.6416015625,1,427494.38335163554,351610131943.0,0.09051042456019824,0.12856889334421875,2737.9196485567513,5209.0,1.9025393980228154,-0.7918747994620468,1135.7020078541382,2491.26171875,1,571574.5325420183,676229177445.9999,0.09306218591022374,0.1297669306943118,unbalance_27g
7867.438666857074,11356.0,1.4434176713495188,-0.35177280861017524,1302.6354324450922,7758.8486328125,4,668142.8388556776,889641956907.0001,0.08101886477062864,0.12173371481476931,2574.820167984735,3675.0,1.427284144226801,0.11266778190890792,379.7708782599412,2546.6591796875,4,140816.86924155598,75615915519.0,0.08704859387154404,0.12468381870286284,3680.752513073923,5043.0,1.3701002667490993,-0.729472252064181,575.493198596525,3635.484375,4,201485.3719205221,173638814560.0,0.08854491467113904,0.12572722719936202,unbalance_27g
7260.955799888172,10801.0,1.487545207225521,-0.6461201708264444,2119.6373450341603,6944.6826171875,1,779623.7011518361,2355551906927.0,0.08287806147301507,0.12366903887343172,2342.0690342789053,3448.0,1.4722025480609275,-0.6484607696641365,632.0430098246147,2255.173828125,1,246559.39170662372,209441516501.99997,0.08741470661042976,0.1251357500044824,3363.6919543080285,5091.0,1.5135155267353575,-0.6758671768143296,961.933433168202,3223.2138671875,3,372207.2605789076,485131387287.00006,0.08277381897049897,0.12346083307377398,unbalance_27g
8087.3299502142745,10738.0,1.3277558929959938,-0.583367125824338,1230.967087197605,7993.0986328125,4,377227.77124522295,794427686883.0001,0.07952891067306805,0.12134404750193893,2714.404018344485,3669.0,1.3516779282686604,-0.6787470141613139,424.51438822698276,2681.0029296875,2,177545.535803764,94479321670.99998,0.08452895579749654,0.12394250446874451,3710.9144397967716,5868.0,1.5812814052164892,0.9272009844476172,576.6504131524702,3665.8369140625,4,227845.38238753655,174335249006.99997,0.0923356385279612,0.12777794572665738,unbalance_27g
7277.395122336121,10811.0,1.4855590246595756,-0.5129688624281536,2136.005492729945,6956.8642578125,1,879826.8084735484,2392072052439.0,0.0948302459007344,0.12848045646625586,2479.427821744805,3706.0,1.4946996913957513,-0.4060279826937574,707.5466940841071,2376.3291015625,1,318993.1322611368,262470119806.99997,0.09679626991127135,0.12922747800500373,3368.949347939855,5938.0,1.7625673130500297,-0.3290603728941828,977.8601229263892,3223.912109375,1,421337.9507121142,501329312485.99994,0.10440136237290466,0.13134146302518449,unbalance_27g
7183.082646309378,10658.0,1.483764078014056,-0.3337134072542973,2113.8172494286728,6865.0166015625,1,814498.4761407084,2342628826015.0,0.1023832565933654,0.13392229261768634,2409.3525560319754,3493.0,1.4497670717616817,-0.31625307674972714,678.2873623396582,2311.9052734375,1,309022.97171500954,241210408411.0,0.10512283234927104,0.13480598962546803,3375.6613226498857,6081.0,1.8014247931799123,-0.17395784837978434,1041.2093033658157,3211.0703125,1,409978.9474444045,568388206560.0001,0.10906640679259184,0.13440427805113672,unbalance_27g
8123.970300617334,11736.0,1.444613848367736,-0.13239523346844484,1407.3750932793232,8001.13671875,4,548314.6736996598,1038459673016.0002,0.08195217435654793,0.12306956776685253,2667.845895414442,3935.0,1.4749727511486226,0.4297870549066696,449.01708735956544,2629.7880859375,2,150276.97639613744,105705027339.00002,0.0834274139247378,0.1231649114734469,3711.7320365211576,5707.0,1.537557114534841,-0.40154293247968287,703.452165960678,3644.462890625,4,247805.58277744887,259441264430.0,0.08147403756992841,0.12263540936791455,unbalance_27g
8103.794702367836,18659.0,2.302501566895328,13.688897452818146,1872.6192100358492,7884.46484375,4,418122.6120858253,1838518871416.0005,0.10519849996367846,0.13086755277231868,2755.115234269079,6845.0,2.4844695840157667,13.542513950158689,731.8985597064673,2656.1220703125,2,273897.42871484667,280848233822.99994,0.10312284527002846,0.1303881611004788,3884.8425749354697,12024.0,3.095106112555855,27.680787695915587,1216.1417183594883,3689.580078125,9,296779.69594240584,775422192862.0001,0.1051468759817157,0.13092324895088303,unbalance_27g
7650.2989192391,11482.0,1.5008563876013883,0.9657613192403334,1478.838819109725,7506.0048828125,4,431917.6557595874,1146496368115.0002,0.11265744846293937,0.1333264000864578,2645.750293254791,4276.0,1.616176708324081,1.8390657712079639,505.2285749667308,2597.0634765625,2,195703.3500548277,133813327583.0,0.11518593049439368,0.1337883452796337,3558.0645315870115,6404.0,1.799854933250356,2.0028349347028946,718.6821241302956,3484.7265625,5,192083.69061669175,270754065566.00003,0.11932362963008536,0.13501205830138754,unbalance_27g
7168.025567690345,10972.0,1.5306865044477453,-0.34758120565859807,1993.4565923369428,6885.25390625,1,827282.8284705203,2083451197912.0005,0.09802747082144214,0.13040054165955856,2488.028288358449,4077.0,1.638646963572075,0.013264603262809871,680.3270311015406,2393.20703125,1,303202.73277562176,242664008216.0,0.09899933696780819,0.13041954495361147,3385.6884737681125,5544.0,1.6374808382266157,-0.24645253708988113,978.1964772998069,3241.298828125,1,376291.3138392279,501671295229.9999,0.10490752316958524,0.13379652211011525,unbalance_27g
6917.401436577584,11239.0,1.6247430632796334,-0.47139485381861856,2003.3527775502644,6620.953125,1,595461.1153440918,2104188495615.9998,0.09427142890478454,0.1300034681906938,2437.929342596333,4451.0,1.8257296970140233,0.39253243516094827,723.0626717144438,2328.2353515625,1,223605.19024880932,274107545659.0,0.08783348529255093,0.1271837353121393,3195.5749688961982,4749.0,1.4861175363507053,-0.329011153164267,874.424833020988,3073.6103515625,1,283819.8084122869,400879909427.0,0.09523817926313964,0.13171296287351478,unbalance_27g
6236.42780277763,11023.0,1.7675182570205477,-1.2671390921512335,2414.340089971692,5750.1298828125,1,1471288.7486396413,3056090987947.0005,0.07698809212381942,0.1200265169907383,2167.890504218617,4222.0,1.9475153342773441,-0.8712526725186645,826.0480434679254,2004.34375,1,498348.95528746984,357750391150.0,0.08195035454156552,0.12238159673213349,2877.112453200148,5372.0,1.8671498203084986,-1.0894510016411556,1082.0654904259163,2665.87890625,1,652205.18931921,613870498405.9999,0.08254876909769501,0.12303950283504247,unbalance_27g
6420.144744629375,13231.0,2.0608569629318856,-0.525285726087501,2694.7331406824787,5827.2353515625,1,1492397.074916942,3807141191623.0,0.07983660546318556,0.12434609279558635,2304.642010144282,4859.0,2.108353479027228,-0.1898450518896797,997.0102443780941,2077.822265625,1,546049.245170098,521156087622.0001,0.0808619868683431,0.12546014056838328,2985.396732658356,5889.0,1.9726021454964617,-0.836060503575716,1285.6803054623108,2694.3681640625,1,694787.1767314497,866633241203.0002,0.0828620579522399,0.12550534984482276,unbalance_27g
6076.564876253071,10496.0,1.7272916876141442,-1.5055718964169915,2628.283646921809,5478.755859375,1,1443495.685244889,3621664500524.0,0.08613327212779302,0.12572729073228633,2078.619252314803,4084.0,1.9647657912587668,-1.1070047437245416,884.7297960374456,1880.93359375,1,493371.2906645512,410376412870.00006,0.08744451989136226,0.12584498047619494,2741.7905086565925,4982.0,1.8170607799065777,-1.3550677092051264,1168.9829429625343,2480.099609375,1,663328.8932353089,716437188526.0,0.0871359600547744,0.12582951475811832,unbalance_27g
7254.550783629929,14710.0,2.027692746075122,-0.5048411999740723,2779.6853113401908,6700.884765625,1,1243909.195437813,4050984864838.0,0.07375255960535702,0.11961090389973869,2593.1204303707627,5308.0,2.0469546797103693,-0.28767007128099875,1007.5518228762479,2389.375,1,444887.3146428811,532235859456.0,0.0734453860265411,0.11976518110138354,3402.0777576851383,6741.0,1.9814361928596103,-0.8934542781263,1314.0546862977963,3138.0556640625,1,538712.5210492403,905308884535.0002,0.07540403388755713,0.12068741565985357,unbalance_27g
6458.108473815712,11795.0,1.8263861698549384,-1.1093929481231788,2640.0214682961455,5893.8486328125,1,1568180.369700972,3654122992327.0,0.07746926424302626,0.12263714455738764,2262.2182578807606,4566.0,2.018372888687326,-0.6236133876306456,956.6438633933031,2049.9912109375,1,581500.4973209614,479808536587.00006,0.07737637704468736,0.12288207913237886,2930.20234909479,5690.0,1.9418454161562522,-0.8304995432439237,1168.607921715882,2687.087890625,1,710357.6748403519,715990144422.0002,0.08237421836750314,0.1228670178305338,unbalance_27g
6603.07546516264,11197.0,1.6957249783187518,-1.5086353619393773,2563.028256742976,6085.3505859375,3,962103.1834608259,3444078854031.0005,0.0892182381714986,0.1280066063844596,2212.3979847155524,3679.0,1.6629015328239003,-1.4182208265987732,858.5454044449205,2039.0205078125,3,345642.41280110116,386451605258.9999,0.08958719604698587,0.12857623688055422,3048.3302271617695,4721.0,1.548716722989561,-1.5457287293972726,1194.7308287981186,2804.44921875,3,472939.7836429552,748357136646.0001,0.08483482174621752,0.12448506089182054,unbalance_27g
7184.260015187389,11842.0,1.6483256417454597,-1.2908285913635889,2588.9910268202616,6701.5458984375,2,1073091.5881978134,3514236272091.0,0.09278526579128624,0.1283202964024091,2430.220744739881,4519.0,1.859501862035044,-0.9162804276840775,869.1376427392436,2269.4873046875,2,351319.3017881138,396047275247.0,0.09247775343481712,0.1278310963409714,3313.617096424804,5605.0,1.6915050341958526,-1.3898635395013414,1211.5567761199163,3084.18359375,2,568518.7550559199,769584956024.0002,0.09260836466405935,0.1279823281769083,unbalance_27g
6504.769676696862,10931.0,1.6804591927612706,-1.3512508569905353,2643.1262876574683,5943.560546875,1,1591581.5263376965,3662737085323.9995,0.08217571154716127,0.12497334655444936,2252.0809543619876,3841.0,1.7055337165213724,-1.3983077227280118,872.4076536587957,2076.240234375,1,525014.5130786271,399033015611.9998,0.08439318422620969,0.12562292462877214,3100.2571298981597,5814.0,1.8753283216192407,-1.3226713421655545,1276.8304949203855,2825.119140625,1,768068.1179619159,854741983227.9998,0.0820682586141383,0.12231699985120556,unbalance_27g
7429.7184101617795,12653.0,1.703025512069775,-0.38253080636440684,2397.0655077758565,7032.41015625,1,1109207.3888746502,3012513364070.0,0.07319880686614115,0.11889486164330451,2551.7230642606355,4439.0,1.7396088400706622,0.06481145389426457,777.1335865244039,2430.5048828125,1,385629.4505779346,316635923007.0,0.07456100905141669,0.11952423414848552,3401.6502635669353,5957.0,1.7512088364291605,-0.37662442018116105,1052.8359467302523,3234.619140625,1,510286.8542773679,581153849340.0,0.08304283780758635,0.12495101547152017,unbalance_27g
6766.770311112929,10954.0,1.6187929390791451,-1.3945677165259025,2629.356773753975,6235.03515625,1,1514165.5924808602,3624638978607.9995,0.07404405651725246,0.11953306949179954,2346.1722048154174,4187.0,1.7846089862484786,-1.2968313624716252,896.2869477805658,2168.2236328125,1,517845.86464365735,421172137151.0,0.07593863166839097,0.12082385661971819,3017.6562006485265,5142.0,1.703971446082867,-1.3730352984410785,1155.960698281334,2787.47265625,1,652458.4442190817,700570802646.0,0.07926562419729631,0.12206937325135628,unbalance_27g
7442.593827218649,11291.0,1.5170786236791762,-0.5119180752821886,2236.838208254369,7098.50390625,1,872137.0047357357,2623242073622.0005,0.08381596888355287,0.12413450623021433,2637.217968666567,4054.0,1.5372259889651019,-0.12915890068665092,736.9252534737973,2532.1650390625,1,318646.0356502512,284719220834.9999,0.0895755550915904,0.1272863449790526,3442.044456429792,4944.0,1.4363556492608722,-0.44577978140668684,982.5066321806762,3298.8408203125,1,437372.9201153279,506105029343.0,0.09103614715396449,0.1283467585253471,unbalance_27g
7683.66424656272,16053.0,2.0892375675031993,-0.32753184811520253,3414.437380510477,6883.3359375,1,1963969.831111334,6112320016638.0,0.06764429933550718,0.11636708867760989,2518.5249575722023,5551.0,2.2040678943086713,-0.14204651903446885,1149.1746846896965,2241.0634765625,1,706247.2541468416,692375318302.9999,0.06655554294824899,0.11547310185088538,3308.8581247680822,6613.0,1.9985746594872529,-0.8457166076814366,1422.7693881555642,2987.3515625,1,849808.9510665886,1061298635480.0,0.07453901787138426,0.11859720155036847,unbalance_27g
8742.511801904835,16404.0,1.8763486251658095,1.6195341209584209,2121.5219165747453,8481.1943359375,4,1011358.8596067227,2359725167183.0005,0.0724965366823979,0.11745239724930615,2906.837486991877,5660.0,1.9471332763969602,3.3277956224656116,658.0003683645731,2831.384765625,2,251095.7396902372,226996625157.99994,0.07589394010112996,0.1195396452696388,3986.086937981714,7545.0,1.8928337784374265,2.701544638775763,874.0352551351691,3889.0810546875,4,361276.9173484879,400521687214.99994,0.08165519587921424,0.12164057623880407,unbalance_27g
7059.385807525481,12389.0,1.7549685394433348,-0.9916363434312743,2540.7535291181994,6586.3115234375,1,1380477.431627429,3384503235327.0,0.08405920758700934,0.1252880016727423,2136.0425289649256,3758.0,1.759328266661917,-0.8974696552662338,739.0903955078388,2004.1015625,1,428497.59920682147,286394736221.99994,0.08712236601763082,0.1260172648466946,3097.029920916924,5037.0,1.6263969443694357,-1.3593760484340445,1115.8498916745405,2889.0263671875,1,639295.1692117348,652801296091.0,0.08646173645898834,0.12580126548647438,unbalance_27g
7319.616103014407,13157.0,1.7974986412991807,-0.2566044564926706,2631.6735123564226,6830.1591796875,1,1087112.5652500931,3631059219391.0015,0.0786738729224478,0.11975570074895332,2397.3508489108217,4311.0,1.7982349149931887,0.04975817736160648,834.5158686143357,2247.4150390625,1,367491.64209147653,365122899878.9999,0.07883120343165398,0.11937338168610187,3242.563230638302,5014.0,1.546307548492428,-0.325503778775285,1124.5597280852849,3041.3125,1,461015.70588324626,663032156856.0,0.08059206847688977,0.12193359354376562,unbalance_27g
7344.252874471282,15803.0,2.151750527944297,-0.7561920300818152,3347.059684382966,6537.2197265625,1,1523153.922076975,5873498063343.0,0.08223030679594055,0.12517582790915235,2395.585380941955,5168.0,2.1573015268476547,-0.6670924183227429,1088.5820406900948,2133.9677734375,1,500356.5585158736,621286948095.0,0.080514360589993,0.12420700194081358,3172.1379438425474,6509.0,2.0519284202739834,-0.9423772891553521,1393.8627651752843,2849.4921875,1,615322.2006586642,1018613053198.0,0.07953668746919115,0.12288558050225931,unbalance_27g
7898.396259474432,14953.0,1.893169133172231,-1.0285906651373222,3202.013919983384,7220.2333984375,2,1305400.2780345858,5375425455946.999,0.07943371220246266,0.12134753348359427,2616.693260049313,5019.0,1.9180696784862794,-0.9025463410831924,1045.6848728328646,2398.671875,2,432147.2237354925,573284378040.0,0.08038813612751221,0.12219738799268837,3474.1952583813386,6567.0,1.890221910860482,-0.9036730769690533,1362.1139892836038,3196.041015625,2,528109.8915857574,972738593196.0001,0.08393345346930847,0.12378766744626066,unbalance_27g
6899.8450395869395,16060.0,2.327588504938574,0.3407076586310094,3372.738114595979,6019.34375,1,1789275.184323039,5963960318094.0,0.06518807486355845,0.11595361487280417,2135.5482822498566,5208.0,2.438717983239992,0.7281842685373059,1027.2928052879022,1872.2275390625,1,534554.0525672603,553296846731.0,0.06549720351951403,0.11585522254066363,3013.972604122081,7455.0,2.473479682530663,0.11750245634875789,1403.2702933980966,2667.3701171875,1,785535.9400509808,1032410148491.0001,0.06922878924063133,0.1167859366299613,unbalance_27g
642.7184012920238,3062.0,4.764139308668646,7.950473287428954,598.8027165597823,233.5,1,228592.12597778032,187990377184.0,0.08779659510333962,0.1269386661902704,259.94424732767214,1035.0,3.981623023552943,5.139020649426351,240.45514700067497,98.75390625,1,96732.79858102094,30313528454.000004,0.08655270602860736,0.12558529506855517,244.66764965778066,1134.0,4.634858762840688,7.348880711443847,227.39825776631344,90.2900390625,1,88300.73001883522,27110848899.0,0.08881926770388864,0.12698246792331322,unbalance_27g
